LABORATORIO,ARTICULO,DESCRIPCION,CLASE_ABC,ORDEN_MINIMA,FACTOR_EMPAQUE,BODEGA,CANT_DISPONIBLE,CANT_PEDIDA,CANT_TRANSITO,ARTICULO2,DESCRIPCION3,CLASE_ABC(Privado),ORDEN_MINIMA(Privado),FACTOR_EMPAQUE(Privado),BODEGA (privado),CANT_DISPONIBLE (Privado),CANT_PEDIDA (Privado),CANT_TRANSITO (Privado)
Naprod,10118212,erlotinib 100 mg Tabletas Recubiertas 10/Caja (Naprod),C,NOT FOUND,10,006,0.00,0,0,10118212,erlotinib 100 mg Tabletas Recubiertas 10/Caja (Naprod),Categoria,0,10,002,0,0,0
Naprod,10118251,Fludarabina Fosfato 50 mg Liofilizado para Sol. iny. Vial 1/Caja Refrigerado (Naprod),B,NOT FOUND,1,006,4.00,0,0,10118251,Fludarabina Fosfato 50 mg Liofilizado para Sol. iny. Vial 1/Caja Refrigerado (Naprod),Categoria,0,1,002,77,0,0
Naprod,10118501,Vinblastina 10 Mg PPSi  Vial 1/Caja Refrigerado (Naprod),C,NOT FOUND,1,006,4.00,0,0,10118501,Vinblastina 10 Mg PPSi  Vial 1/Caja Refrigerado (Naprod),Categoria,0,1,002,0,0,0
JIANGSU PENGYAO,15023021,"Complejo B (B1:100mg, B6:5mg, B12:50mcg) Tabletas Recubiertas 100/Caja (J. Pengyao)",C,NOT FOUND,100,006,35.00,0,0,15023021,"Complejo B (B1:100mg, B6:5mg, B12:50mcg) Tabletas Recubiertas 100/Caja (J. Pengyao)",C,0,100,002,8705,0,0
Naprod,10118051,Bortezomib 3.5 mg   Polvo Liofilizado para Solucion inyectable Vial 1/Caja(Naprod),A+,NOT FOUND,1,006,0.00,0,0,10118051,Bortezomib 3.5 mg   Polvo Liofilizado para Solucion inyectable Vial 1/Caja(Naprod),Categoria,150,1,002,148,0,0
Naprod,10118292,Hidroxiurea 500 Mg Capsula 50/Caja (Naprod),B,NOT FOUND,50,006,0.00,0,0,10118292,Hidroxiurea 500 Mg Capsula 50/Caja (Naprod),C,0,50,002,33,0,0
Naprod,10115012,Lenalidomida 25 mg Capsulas 10/Frasco 1/Caja (Naprod),A+,NOT FOUND,10,006,28.00,0,0,10115012,Lenalidomida 25 mg Capsulas 10/Frasco 1/Caja (Naprod),Categoria,200,10,002,300,0,0
Naprod,10118472,Temozolamida 100 mg Capsulas 5/Caja (Naprod),A+,NOT FOUND,5,006,20.00,0,0,10118472,Temozolamida 100 mg Capsulas 5/Caja (Naprod),Categoria,0,5,002,330,0,0
JIANGSU PENGYAO,15004021,Difenhidramina 10mg/ml Solucion inyectable 100 ampollas/Caja (J. Pengyao),B,NOT FOUND,100,006,0.33,0,0,15004021,Difenhidramina 10mg/ml Solucion inyectable 100 ampollas/Caja (J. Pengyao),C,0,100,002,1,0,0
Naprod,10118342,irinotecan 20 mg/ml Sol. iny i.V 5 ml/Vial 1/Caja  (Naprod),A,NOT FOUND,1,006,36.00,0,0,10118342,irinotecan 20 mg/ml Sol. iny i.V 5 ml/Vial 1/Caja  (Naprod),Categoria,300,1,002,250,0,0
Naprod,10118401,oxaliplatino 50 Mg PPSi Vial 1/Caja (Naprod),B,NOT FOUND,1,006,206.00,0,0,10118401,oxaliplatino 50 Mg PPSi Vial 1/Caja (Naprod),Categoria,0,1,002,0,0,0
JIANGSU PENGYAO,15005041,Gentamicina 80 mg/2 ml Solucion inyectable 100 ampollas/Caja (J. Pengyao),C,NOT FOUND,100,006,0.55,0,0,15005041,Gentamicina 80 mg/2 ml Solucion inyectable 100 ampollas/Caja (J. Pengyao),C,0,100,002,1458,0,0
Naprod,10118242,exemestano 25 mg Tabletas Recubiertas 10/Frasco 1/Caja (Naprod),B,NOT FOUND,10,006,0.00,0,0,10118242,exemestano 25 mg Tabletas Recubiertas 10/Frasco 1/Caja (Naprod),Categoria,0,10,002,0,0,0
Naprod,10118171,Docetaxel 80 mg/2 ml Sol. iny 2ml/Vial 1/Combipack Refrigerado (Naprod),B,NOT FOUND,1,006,86.00,0,0,10118171,Docetaxel 80 mg/2 ml Sol. iny 2ml/Vial 1/Combipack Refrigerado (Naprod),Categoria,0,1,002,587,0,0
Naprod,10118411,oxaliplatino 100 Mg PPSi Vial 1/Caja (Naprod),A,NOT FOUND,1,006,0.00,0,0,10118411,oxaliplatino 100 Mg PPSi Vial 1/Caja (Naprod),Categoria,0,1,002,525,0,0
"SOFTGEL, India",19311012,isotretinoina 20 mg Capsulas 30/Caja (Softgel),B,NOT FOUND,30,006,0.00,0,0,19311012,isotretinoina 20 mg Capsulas 30/Caja (Softgel),B,5000,30,002,2538,0,0
UNIMARK-India,18805031,Nitrofurantoina 25mg/5ml Susp. Oral 100ml/Fra (UNIMARK-India),C,NOT FOUND,1,006,14.00,0,0,18805031,Nitrofurantoina 25mg/5ml Susp. Oral 100ml/Fra (UNIMARK-India),Categoria,0,1,002,8615,0,0
JIANGSU PENGYAO,15013011,Dimenhidrinato 50mg/ml Solucion inyectable 100 ampollas/Caja (J. Pengyao),B,NOT FOUND,100,006,46.01,0,0,15013011,Dimenhidrinato 50mg/ml Solucion inyectable 100 ampollas/Caja (J. Pengyao),B,0,100,002,690,0,0
Naprod,10118011,acido Zoledronico 4mg/5ml Sol. iny i.V 5ml/Vial 1/Caja (Naprod),A,NOT FOUND,1,006,0.00,0,0,10118011,acido Zoledronico 4mg/5ml Sol. iny i.V 5ml/Vial 1/Caja (Naprod),Categoria,200,1,002,431,0,0
Naprod,10118281,Gemcitabina 1 G PPSi i.V  Vial 1/Caja (Naprod),A+,NOT FOUND,1,006,0.00,0,0,10118281,Gemcitabina 1 G PPSi i.V  Vial 1/Caja (Naprod),Categoria,0,1,002,1233,0,0
Naprod,10118332,imatinib Mesilato 400 Mg Tabletas Recubiertas 10/Frasco 1/Caja (Naprod),A+,NOT FOUND,10,006,40.00,0,0,10118332,imatinib Mesilato 400 Mg Tabletas Recubiertas 10/Frasco 1/Caja (Naprod),Categoria,300,10,002,267,0,0
Naprod,10118101,Cisplatino 1mg/ml Solucion iny i.V 10 ml/Vial 1/Caja (Naprod),B,NOT FOUND,1,006,0.00,0,0,10118101,Cisplatino 1mg/ml Solucion iny i.V 10 ml/Vial 1/Caja (Naprod),Categoria,0,1,002,1828,0,0
Naprod,10118541,Gefitinib 250 mg Tabletas Recubiertas 30/Frasco 1/Caja (Naprod),A,NOT FOUND,1,006,41.00,0,0,10118541,Gefitinib 250 mg Tabletas Recubiertas 30/Frasco 1/Caja (Naprod),Categoria,0,1,002,70,0,0
Naprod,10118072,Carboplatino 10mg/ml Solucion iny i.V 15 ml/FaM 1/Caja  (Naprod),B,NOT FOUND,1,006,0.00,0,0,10118072,Carboplatino 10mg/ml Solucion iny i.V 15 ml/FaM 1/Caja  (Naprod),Categoria,700,1,002,557,0,0
QUIMIFAR,13213051,Lactulosa-Q 10g/15ml Solucion Oral 240ml/Frasco 1/Caja (Quimifar),C,NOT FOUND,1,006,0.00,0,0,13213051,Lactulosa-Q 10g/15ml Solucion Oral 240ml/Frasco 1/Caja (Quimifar),Categoria,0,1,002,0,0,0
Naprod,10118022,anastrozol 1 Mg Tab Recubierta 28/Caja (Naprod),B,NOT FOUND,28,006,0.00,0,0,10118022,anastrozol 1 Mg Tab Recubierta 28/Caja (Naprod),C,1000,28,002,453,0,0
JIANGSU PENGYAO,15013031,Ranitidina 50 mg/2 ml Solucion inyectable 100 ampollas/Caja (J. Pengyao),B,NOT FOUND,100,006,294.28,0,0,15013031,Ranitidina 50 mg/2 ml Solucion inyectable 100 ampollas/Caja (J. Pengyao),C,0,100,002,915,0,0
Naprod,10126011,Leucovorina Calcica 50 mg/5 ml Solucion iny. 5 ml/Vial 1/Caja Refrigerado (Naprod),A,NOT FOUND,1,006,0.00,1000,0,10126011,Leucovorina Calcica 50 mg/5 ml Solucion iny. 5 ml/Vial 1/Caja Refrigerado (Naprod),C,2500,1,002,1974,1000,0
JIANGSU PENGYAO,15020011,Cloruro de Sodio (Soluci—n Hipert—nica) 20% Soluci—n Inyectable 10 ampollas/Caja (J. Pengyao),C,NOT FOUND,10,006,151.80,0,0,15020011,Cloruro de Sodio (Soluci—n Hipert—nica) 20% Soluci—n Inyectable 10 ampollas/Caja (J. Pengyao),Categoria,0,10,002,1908,0,0
UNIMARK-India,18807011,Terbinafina 250 mg Tabletas Recubiertas 30/Caja (UNIMARK-India),B,NOT FOUND,30,006,0.00,676,0,18807011,Terbinafina 250 mg Tabletas Recubiertas 30/Caja (UNIMARK-India),C,0,30,002,79,676,0
Naprod,10118362,Letrozol 2.5 mg Tab 10/Frasco 1/Caja (Naprod),A+,NOT FOUND,10,006,563.00,0,0,10118362,Letrozol 2.5 mg Tab 10/Frasco 1/Caja (Naprod),Categoria,3000,10,002,2134,0,0
JIANGSU PENGYAO,15010011,amiodarona 200 mg Tabletas 30/Caja (J. Pengyao),B,NOT FOUND,30,006,0.66,0,0,15010011,amiodarona 200 mg Tabletas 30/Caja (J. Pengyao),C,10000,30,002,7193,0,0
Naprod,10118121,Citarabina 100 Mg/5 ml Sol. iny 5 ml/Vial 1/Caja (Naprod),B,NOT FOUND,1,006,1300.00,0,0,10118121,Citarabina 100 Mg/5 ml Sol. iny 5 ml/Vial 1/Caja (Naprod),Categoria,0,1,002,615,0,0
Naprod,10118381,"Metotrexato 2,5 mg Tableta 24/Frasco 1/Caja (Naprod)",A,NOT FOUND,24,006,0.00,0,510,10118381,"Metotrexato 2,5 mg Tableta 24/Frasco 1/Caja (Naprod)",B,3500,24,002,0,0,510
JIANGSU PENGYAO,15016012,Simvastatina 10 mg Tabletas Recubiertas 100/Caja (J. Pengyao),B,NOT FOUND,100,006,0.70,0,0,15016012,Simvastatina 10 mg Tabletas Recubiertas 100/Caja (J. Pengyao),A+,0,100,002,11040,0,0
UNIMARK-India,18806011,Topiramato 100 mg Tabletas Recubiertas 20/Caja (UNIMARK-India),A,NOT FOUND,20,006,0.00,0,0,18806011,Topiramato 100 mg Tabletas Recubiertas 20/Caja (UNIMARK-India),C,0,20,002,1562,0,0
Naprod,10118382,Metotrexato 50 mg/2 ml Sol. iny 2ml/Vial 1/Caja (Naprod),C,NOT FOUND,1,006,1171.00,0,0,10118382,Metotrexato 50 mg/2 ml Sol. iny 2ml/Vial 1/Caja (Naprod),B,7500,1,002,473,0,0
Nanjing Hencer,11615011,Hierro Sacarosa 100mg/5ml Soluci—n Inyectable 5ml/Ampolla 5/Caja (Hencer),A+,NOT FOUND,5,006,560.00,0,0,11615011,Hierro Sacarosa 100mg/5ml Soluci—n Inyectable 5ml/Ampolla 5/Caja (Hencer),Categoria,0,5,002,2193,0,0
UNIMARK-India,18822011,Furosemida 40 mg Tabletas 100/Caja (UNIMARK-India),C,NOT FOUND,100,006,1041.80,0,0,18822011,Furosemida 40 mg Tabletas 100/Caja (UNIMARK-India),C,0,100,002,4411,0,0
UNIMARK-India,18801011,ergotamina Tartrato 1mg + Cafeina 100mg Tabletas Recubiertas 100/Caja (UNIMARK-India),A+,NOT FOUND,100,006,0.50,0,0,18801011,ergotamina Tartrato 1mg + Cafeina 100mg Tabletas Recubiertas 100/Caja (UNIMARK-India),C,0,100,002,10106,0,0
Gland Pharma,10415013,"Heparina Sodica 5,000 UI/ ml Solucion Inyectable 5 ml/Vial 25/Caja (Gland Pharma)",A+,NOT FOUND,25,006,11.00,0,0,10415013,"Heparina Sodica 5,000 UI/ ml Solucion Inyectable 5 ml/Vial 25/Caja (Gland Pharma)",Categoria,0,25,002,11,0,0
REYOUNG,13710011,Trimetazidina Diclorhidrato 35 mg Tab Recubiertas de Liberaci—n Sostenida 30/Caja (Reyoung),A,NOT FOUND,30,006,3947.00,0,0,13710011,Trimetazidina Diclorhidrato 35 mg Tab Recubiertas de Liberaci—n Sostenida 30/Caja (Reyoung),Categoria,0,30,002,9617,0,0
JIANGSU PENGYAO,15015011,Alopurinol 300 mg Tabletas 100/Caja (J. Pengyao),B,NOT FOUND,100,006,2.00,0,0,15015011,Alopurinol 300 mg Tabletas 100/Caja (J. Pengyao),Categoria,0,100,002,3620,0,0
UNIMARK-India,18806032,Fluoxetina 20 mg Capsulas 30/Caja (UNIMARK-India),A,NOT FOUND,30,006,1720.33,0,0,18806032,Fluoxetina 20 mg Capsulas 30/Caja (UNIMARK-India),C,0,30,002,3215,0,0
SHANDONG KEXING,13515051,FiLGaSTRiM 300 mcg/ml Sol. iny Jeringa Pre-llenada unidad (Shandong Kexing),A+,NOT FOUND,1,006,0.00,0,0,13515051,FiLGaSTRiM 300 mcg/ml Sol. iny Jeringa Pre-llenada unidad (Shandong Kexing),C,0,1,002,3957,0,0
JIANGSU PENGYAO,15010031,amlodipina Besilato 5 mg Tabletas 100/Caja (J. Pengyao),C,NOT FOUND,100,006,0.00,0,375,15010031,amlodipina Besilato 5 mg Tabletas 100/Caja (J. Pengyao),C,8000,100,002,1,0,375
UNIMARK-India,18810041,Espironolactona 100 mg Tabletas Recubiertas 30/Caja (UNIMARK-India),A+,NOT FOUND,30,006,1046.00,0,0,18810041,Espironolactona 100 mg Tabletas Recubiertas 30/Caja (UNIMARK-India),Categoria,0,30,002,9607,0,0
VARDHMAN,13413013,Metoclopramida 10 mg Tableta 100/Caja (VaRDHMaN),A+,NOT FOUND,100,006,6834.10,0,0,13413013,Metoclopramida 10 mg Tableta 100/Caja (VaRDHMaN),A+,9374,100,002,892,0,0
Cisen Pharmaceutical ,19205011,Levofloxacina 5 mg/ml Solucion Inyectable 100ml/FAM 1 FAM/Caja (Cisen Pharma),A,NOT FOUND,1,006,4245.00,0,0,19205011,Levofloxacina 5 mg/ml Solucion Inyectable 100ml/FAM 1 FAM/Caja (Cisen Pharma),Categoria,0,1,002,19086,0,0
NANJING,13619011,Tetraciclina 1% unguento oftalmico 5g/Tubo unidad (Nanjing),C,NOT FOUND,1,006,0.00,0,0,13619011,Tetraciclina 1% unguento oftalmico 5g/Tubo unidad (Nanjing),B,0,1,002,69,0,0
JIANGSU PENGYAO,15016023,Gemfibrozilo 600 mg Tabletas Recubiertas 100/Caja (J. Pengyao),A+,NOT FOUND,100,006,1414.80,0,0,15016023,Gemfibrozilo 600 mg Tabletas Recubiertas 100/Caja (J. Pengyao),B,0,100,002,11994,0,0
Jiangsu Wanbang,17212011,insulina Humana (CRiSTaLiNa) 100ui/ml Solucion inyectable 10 ml/Vial 1/Caja (Wanbang),B,NOT FOUND,1,006,0.00,0,0,17212011,insulina Humana (CRiSTaLiNa) 100ui/ml Solucion inyectable 10 ml/Vial 1/Caja (Wanbang),C,10000,1,002,14911,0,0
JIANGSU PENGYAO,15023014,UMAVIT Prenatal Tableta Recubierta 100/Caja (J. Pengyao),A,NOT FOUND,100,006,684.00,0,0,15023014,UMAVIT Prenatal Tableta Recubierta 100/Caja (J. Pengyao),B,0,100,002,11093,0,0
LUNAN BETTER,15119011,Latanoprost 0.05 mg/ml Solucion oftalmica 1 Frasco/Caja (Lunan),A+,NOT FOUND,1,006,124.00,0,0,15119011,Latanoprost 0.05 mg/ml Solucion oftalmica 1 Frasco/Caja (Lunan),B,2000,1,002,4446,0,0
Shijiazhuang,15208011,Metronidazol 500 mg/100 ml Solucion para infusion iV Frasco unidad (Shijiazhuang),B,NOT FOUND,1,006,0.00,0,0,15208011,Metronidazol 500 mg/100 ml Solucion para infusion iV Frasco unidad (Shijiazhuang),C,0,1,002,0,0,0
UNIMARK-India,18825011,Finasteride 5 mg Tabletas Recubiertas 30/Caja (UNIMARK-India),A+,NOT FOUND,30,006,8443.34,0,0,18825011,Finasteride 5 mg Tabletas Recubiertas 30/Caja (UNIMARK-India),A,0,30,002,28983,0,0
Naprod,10118463,Tamoxifeno Citrato 20 mg Tabletas 100/Frasco 1/Caja (Naprod),C,NOT FOUND,1,006,23.00,0,0,10118463,Tamoxifeno Citrato 20 mg Tabletas 100/Frasco 1/Caja (Naprod),Categoria,0,1,002,141,0,0
Naprod,10118531,abiraterona acetato 250 mg Tabletas 60/Frasco 1/Caja (Naprod),A+,NOT FOUND,1,006,0.00,0,0,10118531,abiraterona acetato 250 mg Tabletas 60/Frasco 1/Caja (Naprod),Categoria,0,1,002,45,0,0
SHANDONG KEXING,13515022,"ePo 4,000ui/ml Sol. iny Jeringa Vial unidad (Shandong Kexing)",A+,NOT FOUND,1,006,0.00,30000,360,13515022,"ePo 4,000ui/ml Sol. iny Jeringa Vial unidad (Shandong Kexing)",A+,0,1,002,1,30000,360
Jiangsu Wanbang,17212021,insulina Humana isofana (NPH) 100ui/ml Suspension inyectable 10 ml/Vial 1/Caja (Wanbang),A+,NOT FOUND,1,006,0.00,50000,0,17212021,insulina Humana isofana (NPH) 100ui/ml Suspension inyectable 10 ml/Vial 1/Caja (Wanbang),C,10000,1,002,20641,50000,0
VARDHMAN,13401083,Hidramide(amilorida 5 mg/Hidroclotiazida 50 mg) Tableta 100/Caja (Vardhman),A,NOT FOUND,100,006,0.00,10000,0,13401083,Hidramide(amilorida 5 mg/Hidroclotiazida 50 mg) Tableta 100/Caja (Vardhman),C,5734,100,002,2,10000,0
REYOUNG,13713013,omeprazol 40 mg Polvo para Sol. iny. Vial 50/Caja (Reyoung),A,NOT FOUND,50,006,411.98,2884,0,13713013,omeprazol 40 mg Polvo para Sol. iny. Vial 50/Caja (Reyoung),A+,0,50,002,2353,2884,0
Shijiazhuang,15205011,Ciprofloxacina 200 mg/100 ml Solucion para infusion iV 100ml/Frasco 1/Caja (Shijiazhuang),A,NOT FOUND,1,006,5200.00,0,0,15205011,Ciprofloxacina 200 mg/100 ml Solucion para infusion iV 100ml/Frasco 1/Caja (Shijiazhuang),A+,0,1,002,33121,0,0
Heilongjiang,17303031,Beclometasona 250 mcg/Dosis Suspension para Inhalacion 200 Dosis/Frasco 1/Caja  (Heilongjiang),A,NOT FOUND,1,006,30960.00,0,0,17303031,Beclometasona 250 mcg/Dosis Suspension para Inhalacion 200 Dosis/Frasco 1/Caja  (Heilongjiang),C,0,1,002,0,0,0
UNIMARK-India,18815011,Simvastatina 40 mg Capletas Recubiertas 100/Caja (UNIMARK-India),A,NOT FOUND,100,006,0.00,0,39887,18815011,Simvastatina 40 mg Capletas Recubiertas 100/Caja (UNIMARK-India),A+,0,100,002,3,0,39887
Naprod,10118431,Paclitaxel 150 mg/25 ml Sol. iny.25ml/Vial 1/Caja (Naprod),A+,NOT FOUND,1,006,0.00,3370,0,10118431,Paclitaxel 150 mg/25 ml Sol. iny.25ml/Vial 1/Caja (Naprod),C,0,1,002,1397,3370,0
Naprod,10118441,Pemetrexed 500 mg Liofilizado para Sol. iny. Vial 1/Caja (Naprod),A+,NOT FOUND,1,006,145.00,120,0,10118441,Pemetrexed 500 mg Liofilizado para Sol. iny. Vial 1/Caja (Naprod),B,0,1,002,32,120,0
REYOUNG,13705125,Meropenem 500 mg Polvo Para Sol. iny i.V Vial 10/Caja (Reyoung),A+,NOT FOUND,10,006,0.80,3307,0,13705125,Meropenem 500 mg Polvo Para Sol. iny i.V Vial 10/Caja (Reyoung),Categoria,2000,10,002,24,3307,0
REYOUNG,13705161,Imipenem 500 mg + Cilastatina 500 mg Polvo para Sol. Iny. Vial 10/Caja (Reyoung),A+,NOT FOUND,10,006,0.00,2660,0,13705161,Imipenem 500 mg + Cilastatina 500 mg Polvo para Sol. Iny. Vial 10/Caja (Reyoung),Categoria,0,10,002,842,2660,0
UNIMARK-India,18810032,Nifedipina 20 mg Tabletas Recubiertas de Liberacion Sostenida 100/Caja (UNIMARK-India),A+,NOT FOUND,100,006,22.40,0,0,18810032,Nifedipina 20 mg Tabletas Recubiertas de Liberacion Sostenida 100/Caja (UNIMARK-India),A+,0,100,002,354,0,0
UNIMARK-India,18815021,Tacrolimus 1 mg Capsulas 30/Caja (UNIMARK-India),A+,NOT FOUND,30,006,1148.67,0,0,18815021,Tacrolimus 1 mg Capsulas 30/Caja (UNIMARK-India),Categoria,0,30,002,1218,0,0
UNIMARK-India,18824011,Levodopa 250 mg + Carbidopa 25 mg Tabletas Recubiertas 30/Caja (UNIMARK-India),A+,NOT FOUND,30,006,0.00,0,0,18824011,Levodopa 250 mg + Carbidopa 25 mg Tabletas Recubiertas 30/Caja (UNIMARK-India),Categoria,2500,30,002,0,0,0
Naprod,10118231,etoposido 100 mg/5 ml Solucion inyectable 5 ml/Vial 1/Caja (Naprod),B,NOT FOUND,1,006,0.00,900,0,10118231,etoposido 100 mg/5 ml Solucion inyectable 5 ml/Vial 1/Caja (Naprod),C,0,1,002,442,900,0
Naprod,10118521,Flutamida 250 mg Tabletas 10/Frasco 1/Caja (Naprod),B,NOT FOUND,10,006,1821.00,0,0,10118521,Flutamida 250 mg Tabletas 10/Frasco 1/Caja (Naprod),Categoria,0,10,002,6458,0,0
Gland Pharma,10417011,Diazepam 10mg/2ml Sol iny. ampolla 10/Bandeja (Gland Pharma),B,NOT FOUND,10,006,410.00,7750,0,10417011,Diazepam 10mg/2ml Sol iny. ampolla 10/Bandeja (Gland Pharma),Categoria,7184,10,002,0,7750,0
HUAZHONG,11423014,ViTaMiNa C 500MG TaBLeTaS ReCuBieRTaS 1000/Caja (Huazhong),B,NOT FOUND,1000,006,217.21,1364,0,11423014,ViTaMiNa C 500MG TaBLeTaS ReCuBieRTaS 1000/Caja (Huazhong),C,0,1000,002,118,1364,0
REYOUNG,13705022,Ceftazidima 1g Polvo para Sol. iny. Vial 50/Caja (Reyoung),B,NOT FOUND,50,006,0.00,1055,0,13705022,Ceftazidima 1g Polvo para Sol. iny. Vial 50/Caja (Reyoung),C,0,50,002,224,1055,0
JIANGSU PENGYAO,15010071,Dinitrato de isosorbide 10 mg Tabletas 100/Caja (J. Pengyao),B,NOT FOUND,100,006,239.00,0,0,15010071,Dinitrato de isosorbide 10 mg Tabletas 100/Caja (J. Pengyao),Categoria,0,100,002,990,0,0
Shijiazhuang,15220011,Glucosa en Agua 50% Soluci—n Inyectable 50ml/Frasco 1/Caja (Shijiazhuang),B,NOT FOUND,1,006,1500.00,46100,0,15220011,Glucosa en Agua 50% Soluci—n Inyectable 50ml/Frasco 1/Caja (Shijiazhuang),Categoria,0,1,002,13643,46100,0
UNIMARK-India,18823011,OSTEOLEN (Alendronato S—dico) 70 mg Tabletas 4/Caja (UNIMARK-India),B,NOT FOUND,4,006,3204.00,0,0,18823011,OSTEOLEN (Alendronato S—dico) 70 mg Tabletas 4/Caja (UNIMARK-India),Categoria,0,4,002,28605,0,0
Naprod,10118041,Bleomicina Sulfato 15 ui PPSi 5ml/Vial 1/Caja Refrigerado (Naprod),C,NOT FOUND,1,006,270.00,500,0,10118041,Bleomicina Sulfato 15 ui PPSi 5ml/Vial 1/Caja Refrigerado (Naprod),Categoria,500,1,002,2,500,0
Naprod,10118261,Fluoracilo 500 mg/10 ml Sol. iny.10 ml/Vial 1/Caja (Naprod),C,NOT FOUND,1,006,0.00,2030,0,10118261,Fluoracilo 500 mg/10 ml Sol. iny.10 ml/Vial 1/Caja (Naprod),C,0,1,002,2057,2030,0
Naprod,10118301,ifosfamida 1 Gr PPSi Vial 1/Caja (Naprod),C,NOT FOUND,1,006,0.00,720,505,10118301,ifosfamida 1 Gr PPSi Vial 1/Caja (Naprod),Categoria,1500,1,002,519,720,505
Intermed,10506022,imipramina 25 mg Tableta Recubierta 100/Caja (intermed),C,NOT FOUND,100,006,316.00,0,0,10506022,imipramina 25 mg Tableta Recubierta 100/Caja (intermed),C,5149,100,002,0,0,0
Intermed,10510012,Digoxina 0.25 mg Tableta 100/Caja (intermed),C,NOT FOUND,100,006,788.40,0,33674,10510012,Digoxina 0.25 mg Tableta 100/Caja (intermed),C,15012,100,002,746,0,33674
REYOUNG,13705014,ampicilina 1g Polvo para Sol. iny. Vial 50/Caja (Reyoung),C,NOT FOUND,50,006,494.00,4620,0,13705014,ampicilina 1g Polvo para Sol. iny. Vial 50/Caja (Reyoung),C,1500,50,002,794,4620,0
REYOUNG,13705043,"Bencilpenicilina Procainica 800,000 ui PPSi Vial 1/Caja (Reyoung)",C,NOT FOUND,1,006,26453.00,0,0,13705043,"Bencilpenicilina Procainica 800,000 ui PPSi Vial 1/Caja (Reyoung)",C,120000,1,002,15,0,0
REYOUNG,13705052,"Bencilpenicilina Sodica 1,000,000 ui Polvo para Sol. iny. Vial 50/Caja (Reyoung)",C,NOT FOUND,50,006,0.08,12567,0,13705052,"Bencilpenicilina Sodica 1,000,000 ui Polvo para Sol. iny. Vial 50/Caja (Reyoung)",B,5000,50,002,682,12567,0
REYOUNG,13705131,Cloxacilina 500 mg Polvo para Sol. iny. Vial 50/Caja (Reyoung),C,NOT FOUND,50,006,0.00,0,5732,13705131,Cloxacilina 500 mg Polvo para Sol. iny. Vial 50/Caja (Reyoung),C,0,50,002,351,0,5732
Amanta,13805031,Ciprofloxacina 0.3% Sol. Oftalmica/Otica 5ml/Gotero 1/Caja (Amanta),C,NOT FOUND,1,006,5000.00,3136,0,13805031,Ciprofloxacina 0.3% Sol. Oftalmica/Otica 5ml/Gotero 1/Caja (Amanta),C,0,1,002,3185,3136,0
TIANJIN BIOCHEM,14112011,Hidrocortisona 500 mg Polvo Liofilizado para Soluci—n Inyectable 10 Viales/Caja (Tianjin Biochem),C,NOT FOUND,10,006,1500.00,0,0,14112011,Hidrocortisona 500 mg Polvo Liofilizado para Soluci—n Inyectable 10 Viales/Caja (Tianjin Biochem),Categoria,0,10,002,2380,0,0
JIANGSU PENGYAO,15001013,Diclofenac 75mg/3ml Solucion inyectable 100 ampollas/Caja (J. Pengyao),C,NOT FOUND,100,006,728.13,4650,0,15001013,Diclofenac 75mg/3ml Solucion inyectable 100 ampollas/Caja (J. Pengyao),B,0,100,002,1044,4650,0
JIANGSU PENGYAO,15010063,Valsartan 160 mg Tabletas 30/Caja (J. Pengyao),C,NOT FOUND,30,006,731.33,0,0,15010063,Valsartan 160 mg Tabletas 30/Caja (J. Pengyao),B,0,30,002,4763,0,0
JIANGSU PENGYAO,15010083,Valsartan 320 mg Tabletas 30/Caja (J. Pengyao),C,NOT FOUND,30,006,1256.00,0,0,15010083,Valsartan 320 mg Tabletas 30/Caja (J. Pengyao),C,0,30,002,759,0,0
JIANGSU PENGYAO,15012011,Glimepirida 2 mg Tabletas 30/Caja (J. Pengyao),C,NOT FOUND,30,006,205.00,0,0,15012011,Glimepirida 2 mg Tabletas 30/Caja (J. Pengyao),C,0,30,002,8940,0,0
JIANGSU PENGYAO,15013013,Metoclopramida 10 mg/2 ml Solucion inyectable 100 ampollas/Caja (J. Pengyao),C,NOT FOUND,100,006,135.23,3370,0,15013013,Metoclopramida 10 mg/2 ml Solucion inyectable 100 ampollas/Caja (J. Pengyao),B,3000,100,002,260,3370,0
JIANGSU PENGYAO,15013023,Ranitidina 300 mg Capsulas 100/Caja (J. Pengyao),C,NOT FOUND,100,006,3876.00,0,0,15013023,Ranitidina 300 mg Capsulas 100/Caja (J. Pengyao),C,0,100,002,20476,0,0
UNIMARK-India,18803011,Teofilina 300 mg Tableta de Liberacion Prolongada 100/Caja (UNIMARK-India),C,NOT FOUND,100,006,210.90,173,0,18803011,Teofilina 300 mg Tableta de Liberacion Prolongada 100/Caja (UNIMARK-India),C,0,100,002,152,173,0
UNIMARK-India,18820011,Sales de Rehidratacion Oral 28.1g/Sobre Polvo para 1 Litro Sabor Naranja 20 Sobres/Caja (UNIMARK-India),C,NOT FOUND,20,006,0.05,1890,19623,18820011,Sales de Rehidratacion Oral 28.1g/Sobre Polvo para 1 Litro Sabor Naranja 20 Sobres/Caja (UNIMARK-India),B,0,20,002,12,1890,19623
Cisen Pharmaceutical ,19231011,Dexametasona 8 mg/2 ml Solucion inyectable 50 ampollas/Caja (Cisen Pharma),C,NOT FOUND,50,006,203.60,6405,0,19231011,Dexametasona 8 mg/2 ml Solucion inyectable 50 ampollas/Caja (Cisen Pharma),A,0,50,002,430,6405,0
Naprod,10105011,Vancomicina 500 Mg Polvo para Sol. iny i.V uSP Vial 1/Caja (Naprod),CATEGORIA,NOT FOUND,1,006,126.00,0,0,10105011,Vancomicina 500 Mg Polvo para Sol. iny i.V uSP Vial 1/Caja (Naprod),C,0,1,002,0,0,0
Naprod,10118081,Bicalutamida 50 mg Tabletas Recubiertas 100/Frasco 1/Caja (Naprod),CATEGORIA,NOT FOUND,100,006,0.00,0,0,10118081,Bicalutamida 50 mg Tabletas Recubiertas 100/Frasco 1/Caja (Naprod),Categoria,1000,100,002,193,0,0
Naprod,10118181,Doxorubicina 10 Mg PPSi i.V Vial 1/Caja (Naprod),CATEGORIA,NOT FOUND,1,006,0.00,0,0,10118181,Doxorubicina 10 Mg PPSi i.V Vial 1/Caja (Naprod),C,0,1,002,12,0,0
Naprod,10118201,epirubicina 50 mg PPSi Vial 1/Caja(Naprod),CATEGORIA,NOT FOUND,1,006,260.00,0,0,10118201,epirubicina 50 mg PPSi Vial 1/Caja(Naprod),Categoria,0,1,002,53,0,0
Naprod,10118222,erlotinib 150 mg Tab Recub. 10/Caja (Naprod),CATEGORIA,NOT FOUND,10,006,64.00,0,0,10118222,erlotinib 150 mg Tab Recub. 10/Caja (Naprod),Categoria,0,10,002,68,0,0
Naprod,10118343,irinotecan 20 mg/ml Sol. iny i.V 2 ml/Vial 1/Caja  (Naprod),CATEGORIA,NOT FOUND,1,006,0.00,0,0,10118343,irinotecan 20 mg/ml Sol. iny i.V 2 ml/Vial 1/Caja  (Naprod),Categoria,0,1,002,0,0,0
Naprod,10118462,Tamoxifeno 20 mg Tab 100/Caja (Naprod),CATEGORIA,NOT FOUND,100,006,0.00,0,1280,10118462,Tamoxifeno 20 mg Tab 100/Caja (Naprod),Categoria,0,100,002,0,0,1280
Hetero,10207033,Terbinafina 250 mg Tableta 28/Caja (Hetero),CATEGORIA,NOT FOUND,28,006,0.00,0,0,10207033,Terbinafina 250 mg Tableta 28/Caja (Hetero),Categoria,0,28,002,0,0,0
Ramos,10311011,Diram (Diclofenac Dietilamonio) 1% Gel 30g/Tubo 1/Caja (Ramos),CATEGORIA,NOT FOUND,1,006,0.00,0,0,10311011,Diram (Diclofenac Dietilamonio) 1% Gel 30g/Tubo 1/Caja (Ramos),C,0,1,002,339,0,0
Ramos,10312023,Metformina 500 mg Capleta unidad (Ramos),CATEGORIA,NOT FOUND,1,006,30.00,0,0,10312023,Metformina 500 mg Capleta unidad (Ramos),Categoria,0,1,002,303190,0,0
Gland Pharma,10415011,"Heparina Sodica 5,000 ui/ ml Solucion inyectable 5 ml/Vial 1/Caja (Gland Pharma)",CATEGORIA,NOT FOUND,1,006,0.00,12600,0,10415011,"Heparina Sodica 5,000 ui/ ml Solucion inyectable 5 ml/Vial 1/Caja (Gland Pharma)",C,3311,1,002,0,12600,0
Gland Pharma,10417012,Diazepam 10mg/2ml Solucion Inyectable 100 Ampollas/Caja (Gland Pharma),CATEGORIA,NOT FOUND,100,006,0.00,935,0,10417012,Diazepam 10mg/2ml Solucion Inyectable 100 Ampollas/Caja (Gland Pharma),Categoria,0,100,002,0,935,0
Intermed,10504012,Loratadina 5mg/5ml Solucion oral 120ml/Frasco 1/Caja (intermed),CATEGORIA,NOT FOUND,1,006,0.00,2232,4595,10504012,Loratadina 5mg/5ml Solucion oral 120ml/Frasco 1/Caja (intermed),B,11930,1,002,0,2232,4595
Intermed,10505012,amox/ac. Clavulanico 250 mg/62.5 mg/5ml PPSo 60 ml/Frasco 1/Caja (intermed),CATEGORIA,NOT FOUND,1,006,0.00,0,0,10505012,amox/ac. Clavulanico 250 mg/62.5 mg/5ml PPSo 60 ml/Frasco 1/Caja (intermed),A+,6208,1,002,1,0,0
Intermed,10505022,amoxicilina/ac. Clavulanico 875 mg/125 mg Tab Recub.14/Caja (intermed),CATEGORIA,NOT FOUND,14,006,0.00,0,0,10505022,amoxicilina/ac. Clavulanico 875 mg/125 mg Tab Recub.14/Caja (intermed),Categoria,2097,14,002,0,0,0
Intermed,10506033,Gabapentina 300 mg Tableta 100/Caja (intermed),CATEGORIA,NOT FOUND,100,006,1200.00,0,0,10506033,Gabapentina 300 mg Tableta 100/Caja (intermed),C,1176,100,002,1,0,0
Intermed,10520011,Sales de Rehidratacion oral 28.1g/Sobre Polvo para 1 Litro Sabor Limon unidad (intermed),CATEGORIA,NOT FOUND,1,006,0.00,0,0,10520011,Sales de Rehidratacion oral 28.1g/Sobre Polvo para 1 Litro Sabor Limon unidad (intermed),Categoria,60283,1,002,0,0,0
Intermed,10520012,Sales de Rehidratacion oral 28.1g/Sobre Polvo para 1 Litro Sabor Limon 20/Caja (intermed),CATEGORIA,NOT FOUND,20,006,0.00,0,0,10520012,Sales de Rehidratacion oral 28.1g/Sobre Polvo para 1 Litro Sabor Limon 20/Caja (intermed),Categoria,3556,20,002,4877,0,0
Intermed,10520031,Sales de Rehidratacion oral 28.1g/Sobre Polvo para 1 Litro Sabor uva 20/Caja (intermed),CATEGORIA,NOT FOUND,20,006,463.25,0,0,10520031,Sales de Rehidratacion oral 28.1g/Sobre Polvo para 1 Litro Sabor uva 20/Caja (intermed),B,3575,20,002,13216,0,0
Intermed,10520042,Sales de Rehidratacion oral 28.1g/Sobre Polvo para 1 Litro Sabor Manzana 20/Caja (intermed),CATEGORIA,NOT FOUND,20,006,0.00,0,0,10520042,Sales de Rehidratacion oral 28.1g/Sobre Polvo para 1 Litro Sabor Manzana 20/Caja (intermed),Categoria,3556,20,002,2592,0,0
Intermed,10523013,Calcio 600 mg + Colecalciferol 200 ui Tabletas 100/Caja (intermed),CATEGORIA,NOT FOUND,100,006,25.20,0,0,10523013,Calcio 600 mg + Colecalciferol 200 ui Tabletas 100/Caja (intermed),A,6470,100,002,21,0,0
Intermed,10523023,Calcio 600 mg Tabletas 100/Caja (intermed),CATEGORIA,NOT FOUND,100,006,0.90,0,0,10523023,Calcio 600 mg Tabletas 100/Caja (intermed),C,8200,100,002,0,0,0
HUAZHONG,11401024,"acetaminofen 500 mg Tabletas 1,000/Caja (Huazhong)",CATEGORIA,NOT FOUND,1000,006,0.00,0,0,11401024,"acetaminofen 500 mg Tabletas 1,000/Caja (Huazhong)",B,2500,1000,002,6,0,0
HUAZHONG,11401032,ibuprofeno 400 mg Tabletas Recubiertas 1000/Caja (Huazhong),CATEGORIA,NOT FOUND,1000,006,0.94,0,0,11401032,ibuprofeno 400 mg Tabletas Recubiertas 1000/Caja (Huazhong),B,0,1000,002,0,0,0
HUAZHONG,11408011,Metronidazol 500 mg Tabletas 1000/Caja (Huazhong),CATEGORIA,NOT FOUND,1000,006,0.02,0,0,11408011,Metronidazol 500 mg Tabletas 1000/Caja (Huazhong),C,0,1000,002,15,0,0
HUAZHONG,11423013,ViTaMiNa C 500MG TaBLeTaS ReCuBieRTaS 100/Caja (Huazhong),CATEGORIA,NOT FOUND,100,006,0.00,0,0,11423013,ViTaMiNa C 500MG TaBLeTaS ReCuBieRTaS 100/Caja (Huazhong),Categoria,0,100,002,0,0,0
MIDAS CARE,12403020,Beclometasona 50mcg/Dosis  aerosol 200 Puff/Frasco 1/Caja (MiDaS),CATEGORIA,NOT FOUND,1,006,0.00,0,0,12403020,Beclometasona 50mcg/Dosis  aerosol 200 Puff/Frasco 1/Caja (MiDaS),Categoria,0,1,002,0,0,0
MIDAS CARE,12403021,Beclometasona 250mcg/Dosis inhalador 200 Dosis/Frasco 1/Caja (MiDaS),CATEGORIA,NOT FOUND,1,006,0.00,0,0,12403021,Beclometasona 250mcg/Dosis inhalador 200 Dosis/Frasco 1/Caja (MiDaS),Categoria,0,1,002,0,0,0
VARDHMAN,13401022,DoLFeMaC (acido Mefenamico) 500 mg Tabletas 10/Caja (Vardhman),CATEGORIA,NOT FOUND,10,006,405.00,20000,0,13401022,DoLFeMaC (acido Mefenamico) 500 mg Tabletas 10/Caja (Vardhman),B,22583,10,002,3237,20000,0
VARDHMAN,13401023,acido Mefenamico 500 mg Tableta 100/Caja (VaRDHMaN),CATEGORIA,NOT FOUND,100,006,0.00,0,0,13401023,acido Mefenamico 500 mg Tableta 100/Caja (VaRDHMaN),Categoria,2803,100,002,0,0,0
VARDHMAN,13401024,DoLFeMaC (acido Mefenamico) 500 mg Tabletas 100/Caja (Vardhman),CATEGORIA,NOT FOUND,100,006,0.00,0,0,13401024,DoLFeMaC (acido Mefenamico) 500 mg Tabletas 100/Caja (Vardhman),C,2671,100,002,0,0,0
VARDHMAN,13401072,Relaxolan (Paracetamol/Metocarbamol) Tab Recub 1000/Caja (VaRDHMaN),CATEGORIA,NOT FOUND,1000,006,1.00,0,0,13401072,Relaxolan (Paracetamol/Metocarbamol) Tab Recub 1000/Caja (VaRDHMaN),Categoria,346,1000,002,3,0,0
VARDHMAN,13401073,Relaxolan (Paracetamol/Metocarbamol) Tableta 30/Caja (Vardhman),CATEGORIA,NOT FOUND,30,006,0.00,50000,0,13401073,Relaxolan (Paracetamol/Metocarbamol) Tableta 30/Caja (Vardhman),A+,6954,30,002,399,50000,0
VARDHMAN,13401075,Relaxolan (Paracetamol/Metocarbamol) Tableta 100/Caja (Vardhman),CATEGORIA,NOT FOUND,100,006,13.00,30000,0,13401075,Relaxolan (Paracetamol/Metocarbamol) Tableta 100/Caja (Vardhman),A+,2626,100,002,1,30000,0
VARDHMAN,13401082,Hidramide(amilorida 5 mg/Hidroclotiazida 50 mg) Tableta 30/Caja (Vardhman),CATEGORIA,NOT FOUND,30,006,0.00,0,0,13401082,Hidramide(amilorida 5 mg/Hidroclotiazida 50 mg) Tableta 30/Caja (Vardhman),C,14471,30,002,0,0,0
VARDHMAN,13408013,albendazol 400 mg Tabletas Masticables 25/Caja (Vardhman),CATEGORIA,NOT FOUND,25,006,0.00,5000,0,13408013,albendazol 400 mg Tabletas Masticables 25/Caja (Vardhman),C,5707,25,002,0,5000,0
VARDHMAN,13410012,amilorida 5 mg + Hidroclorotiazida 50 mg Tabletas 1000/Caja (Vardhman),CATEGORIA,NOT FOUND,1000,006,0.00,0,0,13410012,amilorida 5 mg + Hidroclorotiazida 50 mg Tabletas 1000/Caja (Vardhman),Categoria,567,1000,002,0,0,0
VARDHMAN,13410021,atenolol 100 mg tab BP unidad (VaRDHMaN),CATEGORIA,NOT FOUND,1,006,0.00,0,0,13410021,atenolol 100 mg tab BP unidad (VaRDHMaN),Categoria,842595,1,002,0,0,0
VARDHMAN,13410024,atenolol 100 mg Tab 1000/ Caja (VaRDHMaN),CATEGORIA,NOT FOUND,1000,006,0.00,0,0,13410024,atenolol 100 mg Tab 1000/ Caja (VaRDHMaN),C,842,1000,002,0,0,0
VARDHMAN,13410042,Losartan Potasico 50 mg Tabletas Recubiertas 100/Caja (Vardhman),CATEGORIA,NOT FOUND,100,006,0.00,0,0,13410042,Losartan Potasico 50 mg Tabletas Recubiertas 100/Caja (Vardhman),C,4302,100,002,3286,0,0
VARDHMAN,13414013,Clomifeno 50 mg Tableta 20/Caja (VaRDHMaN),CATEGORIA,NOT FOUND,20,006,94.50,0,0,13414013,Clomifeno 50 mg Tableta 20/Caja (VaRDHMaN),C,7596,20,002,4397,0,0
VARDHMAN,13423011,Calcio 600 mg Tableta 1000/Caja (Vardhman),CATEGORIA,NOT FOUND,1000,006,0.00,0,0,13423011,Calcio 600 mg Tableta 1000/Caja (Vardhman),Categoria,766,1000,002,2,0,0
SHANDONG KEXING,13515021,"ePo 4,000ui/ml Sol. iny Jeringa Pre-llenada unidad (Shandong Kexing)",CATEGORIA,NOT FOUND,1,006,2.00,0,0,13515021,"ePo 4,000ui/ml Sol. iny Jeringa Pre-llenada unidad (Shandong Kexing)",Categoria,0,1,002,0,0,0
SHANDONG KEXING,13515052,FiLGaSTRiM 300 mcg/ml Sol. iny ViaL unidad (Shandong Kexing),CATEGORIA,NOT FOUND,1,006,0.00,0,0,13515052,FiLGaSTRiM 300 mcg/ml Sol. iny ViaL unidad (Shandong Kexing),Categoria,0,1,002,0,0,0
NANJING,13614011,Levonorgestrel/etinilestradiol 0.15 mg/0.03 mg Ciclo 100/Caja (Nanjing),CATEGORIA,NOT FOUND,100,006,0.00,0,0,13614011,Levonorgestrel/etinilestradiol 0.15 mg/0.03 mg Ciclo 100/Caja (Nanjing),A,1000,100,002,0,0,0
NANJING,13619012,Tetraciclina 1% unguento oftalmico 5g/Tubo/ 1/ Caja (Nanjing),CATEGORIA,NOT FOUND,1,006,0.00,0,0,13619012,Tetraciclina 1% unguento oftalmico 5g/Tubo/ 1/ Caja (Nanjing),Categoria,0,1,002,0,0,0
NANJING,13619013,Tetraciclina 1% unguento oftalmico 5g/Tubo/ 50/ Caja (Nanjing),CATEGORIA,NOT FOUND,50,006,0.00,2120,0,13619013,Tetraciclina 1% unguento oftalmico 5g/Tubo/ 50/ Caja (Nanjing),Categoria,0,50,002,0,2120,0
REYOUNG,13705011,ampicilina 1g Polvo para Sol. iny.Vial unidad (Reyoung),CATEGORIA,NOT FOUND,1,006,0.00,0,0,13705011,ampicilina 1g Polvo para Sol. iny.Vial unidad (Reyoung),C,0,1,002,0,0,0
REYOUNG,13705021,Ceftazidima 1g Polvo para Sol. iny. Vial und. (Reyoung),CATEGORIA,NOT FOUND,1,006,0.00,0,0,13705021,Ceftazidima 1g Polvo para Sol. iny. Vial und. (Reyoung),C,0,1,002,0,0,0
REYOUNG,13705044,"Bencilpenicilina Procainica 800,000 ui PPSi Vial 50/Caja (Reyoung)",CATEGORIA,NOT FOUND,50,006,0.00,0,9059,13705044,"Bencilpenicilina Procainica 800,000 ui PPSi Vial 50/Caja (Reyoung)",A,0,50,002,972,0,9059
REYOUNG,13705051,"Bencilpenicilina Sodica 1,000,000 ui Polvo para Sol. iny. Vial unidad (Reyoung)",CATEGORIA,NOT FOUND,1,006,0.00,0,0,13705051,"Bencilpenicilina Sodica 1,000,000 ui Polvo para Sol. iny. Vial unidad (Reyoung)",C,120000,1,002,0,0,0
REYOUNG,13705071,Cefazolina 1g Polvo para Sol. iny. Vial unidad (Reyoung),CATEGORIA,NOT FOUND,1,006,0.00,0,0,13705071,Cefazolina 1g Polvo para Sol. iny. Vial unidad (Reyoung),C,0,1,002,0,0,0
REYOUNG,13705074,Cefazolina 1g Polvo para Sol. iny. Vial 1/Caja (Reyoung),CATEGORIA,NOT FOUND,10,006,0.00,0,0,13705074,Cefazolina 1g Polvo para Sol. iny. Vial 1/Caja (Reyoung),Categoria,50000,10,002,0,0,0
REYOUNG,13705101,Ceftriaxona 1Gr Polvo para Sol. iny. i.M/i.V Vial unidad (Reyoung),CATEGORIA,NOT FOUND,1,006,38.00,0,0,13705101,Ceftriaxona 1Gr Polvo para Sol. iny. i.M/i.V Vial unidad (Reyoung),Categoria,0,1,002,0,0,0
REYOUNG,13705102,Ceftriaxona 1Gr Polvo para Sol. iny. i.M/i.V Vial 1/Caja (Reyoung),CATEGORIA,NOT FOUND,1,006,0.00,0,0,13705102,Ceftriaxona 1Gr Polvo para Sol. iny. i.M/i.V Vial 1/Caja (Reyoung),Categoria,0,1,002,3,0,0
REYOUNG,13705122,Meropenem 500 Mg Polvo Para Sol. iny i.V Vial 1/Caja (Reyoung),CATEGORIA,NOT FOUND,1,006,189.00,0,0,13705122,Meropenem 500 Mg Polvo Para Sol. iny i.V Vial 1/Caja (Reyoung),A,10000,1,002,1,0,0
REYOUNG,13705124,Meropenem 500 Mg Polvo Para Sol. iny i.V Vial 50/Caja (Reyoung),CATEGORIA,NOT FOUND,50,006,0.00,0,0,13705124,Meropenem 500 Mg Polvo Para Sol. iny i.V Vial 50/Caja (Reyoung),Categoria,0,50,002,0,0,0
REYOUNG,13705132,Cloxacilina 500 mg Polvo para Sol. iny. Vial unidad (Reyoung),CATEGORIA,NOT FOUND,1,006,0.00,0,0,13705132,Cloxacilina 500 mg Polvo para Sol. iny. Vial unidad (Reyoung),C,0,1,002,0,0,0
REYOUNG,13705152,Cloranfenicol Succinato Sodico 1g Polvo para Sol. iny. Vial unidad (Reyoung),CATEGORIA,NOT FOUND,1,006,40.00,0,0,13705152,Cloranfenicol Succinato Sodico 1g Polvo para Sol. iny. Vial unidad (Reyoung),C,0,1,002,27715,0,0
REYOUNG,13705171,Piperacilina 4 g + Tazobactam 0.5 g Polvo Sol. Iny. Vial 10/Caja (Reyoung),CATEGORIA,NOT FOUND,10,006,0.00,1000,0,13705171,Piperacilina 4 g + Tazobactam 0.5 g Polvo Sol. Iny. Vial 10/Caja (Reyoung),C,0,10,002,1,1000,0
REYOUNG,13713011,omeprazol 40 mg Polvo para Sol. iny. unidad (Reyoung),CATEGORIA,NOT FOUND,1,006,0.00,0,0,13713011,omeprazol 40 mg Polvo para Sol. iny. unidad (Reyoung),A+,6130,1,002,3,0,0
JIANGSU PENGYAO,15005011,Ciprofloxacina 200mg/100 ml Sol.infusion iV (J. Pengyao),CATEGORIA,NOT FOUND,1,006,0.00,0,0,15005011,Ciprofloxacina 200mg/100 ml Sol.infusion iV (J. Pengyao),Categoria,0,1,002,0,0,0
JIANGSU PENGYAO,15010022,irbesartan 150 mg Tabletas 100/Caja (J. Pengyao),CATEGORIA,NOT FOUND,100,006,0.00,0,0,15010022,irbesartan 150 mg Tabletas 100/Caja (J. Pengyao),B,5000,100,002,0,0,0
JIANGSU PENGYAO,15010072,"Dinitrato de isosorbide 10 mg Tabletas 1,000/Caja (J. Pengyao)",CATEGORIA,NOT FOUND,1000,006,62.02,0,0,15010072,"Dinitrato de isosorbide 10 mg Tabletas 1,000/Caja (J. Pengyao)",Categoria,0,1000,002,23,0,0
JIANGSU PENGYAO,15011011,Yodopovidona 10% Locion 100 ml/Frasco (J. Pengyao),CATEGORIA,NOT FOUND,1,006,0.00,10000,0,15011011,Yodopovidona 10% Locion 100 ml/Frasco (J. Pengyao),C,0,1,002,0,10000,0
JIANGSU PENGYAO,15013021,Ranitidina 300 mg Capsulas unidad (J. Pengyao),CATEGORIA,NOT FOUND,1,006,0.00,0,0,15013021,Ranitidina 300 mg Capsulas unidad (J. Pengyao),Categoria,0,1,002,0,0,0
JIANGSU PENGYAO,15016011,Simvastatina 10 mg Tabletas Recubiertas 10/Caja (J. Pengyao),CATEGORIA,NOT FOUND,10,006,0.00,0,0,15016011,Simvastatina 10 mg Tabletas Recubiertas 10/Caja (J. Pengyao),Categoria,0,10,002,0,0,0
JIANGSU PENGYAO,15016021,"Gemfibrozilo 600 mg Tabletas Recubiertas 1,000/Caja (J. Pengyao)",CATEGORIA,NOT FOUND,1000,006,0.00,0,0,15016021,"Gemfibrozilo 600 mg Tabletas Recubiertas 1,000/Caja (J. Pengyao)",B,0,1000,002,1,0,0
JIANGSU PENGYAO,15016022,Gemfibrozilo 600 mg Tabletas Recubiertas 20/Caja (J. Pengyao),CATEGORIA,NOT FOUND,20,006,0.00,0,0,15016022,Gemfibrozilo 600 mg Tabletas Recubiertas 20/Caja (J. Pengyao),Categoria,0,20,002,0,0,0
JIANGSU PENGYAO,15016031,Atorvastatina 40 mg Tabletas Recubiertas 30/Caja (J. Pengyao),CATEGORIA,NOT FOUND,30,006,0.00,0,0,15016031,Atorvastatina 40 mg Tabletas Recubiertas 30/Caja (J. Pengyao),Categoria,0,30,002,3454,0,0
JIANGSU PENGYAO,15016041,Atorvastatina 20 mg Tabletas Recubiertas 30/Caja (J. Pengyao),CATEGORIA,NOT FOUND,30,006,0.00,0,0,15016041,Atorvastatina 20 mg Tabletas Recubiertas 30/Caja (J. Pengyao),Categoria,0,30,002,8274,0,0
JIANGSU PENGYAO,15017012,Trihexifenidilo 5 mg Tabletas 100/Caja (J. Pengyao),CATEGORIA,NOT FOUND,100,006,0.00,0,0,15017012,Trihexifenidilo 5 mg Tabletas 100/Caja (J. Pengyao),Categoria,0,100,002,0,0,0
JIANGSU PENGYAO,15017013,Trihexifenidilo 5 mg Tabletas 1000/Caja (J. Pengyao),CATEGORIA,NOT FOUND,1000,006,0.00,0,0,15017013,Trihexifenidilo 5 mg Tabletas 1000/Caja (J. Pengyao),Categoria,0,1000,002,0,0,0
JIANGSU PENGYAO,15023012,Multivitaminas y Minerales Prenatales Tabletas Recub. 1000/Caja (J. Pengyao),CATEGORIA,NOT FOUND,1000,006,0.00,0,0,15023012,Multivitaminas y Minerales Prenatales Tabletas Recub. 1000/Caja (J. Pengyao),Categoria,0,1000,002,0,0,0
JIANGSU PENGYAO,15023013,Multivitaminas y Minerales Prenatales Tabletas Recub. 100/Caja (J. Pengyao),CATEGORIA,NOT FOUND,100,006,0.00,0,0,15023013,Multivitaminas y Minerales Prenatales Tabletas Recub. 100/Caja (J. Pengyao),Categoria,0,100,002,0,0,0
JIANGSU PENGYAO,15023032,"Vitaminas Complejo B (B1:20mg, B2:2mg, B6:2mg, Nicotinamida:30mg) Sol. Iny. 2ml/Ampolla 10 Amp/Caja (J. Pengyao)",CATEGORIA,NOT FOUND,10,006,15002.00,0,0,15023032,"Vitaminas Complejo B (B1:20mg, B2:2mg, B6:2mg, Nicotinamida:30mg) Sol. Iny. 2ml/Ampolla 10 Amp/Caja (J. Pengyao)",C,0,10,002,12294,0,0
Shijiazhuang,15205013,Ciprofloxacina 200 mg/100 ml Solucion para Infusion IV 100ml/Frasco Unidad (Shijiazhuang),CATEGORIA,NOT FOUND,1,006,11439.00,0,0,15205013,Ciprofloxacina 200 mg/100 ml Solucion para Infusion IV 100ml/Frasco Unidad (Shijiazhuang),C,0,1,002,330,0,0
Heilongjiang,17303021,Beclometasona 50 mcg/Dosis Suspension para Inhalacion 200 Dosis/Frasco 1/Caja  (Heilongjiang),CATEGORIA,NOT FOUND,1,006,0.00,0,0,17303021,Beclometasona 50 mcg/Dosis Suspension para Inhalacion 200 Dosis/Frasco 1/Caja  (Heilongjiang),C,0,1,002,0,0,0
Heilongjiang,17303022,Beclometasona 50 mcg/Dosis Suspension para Inhalacion 200 Dosis/Frasco Unidad (Heilongjiang),CATEGORIA,NOT FOUND,1,006,6663.00,0,0,17303022,Beclometasona 50 mcg/Dosis Suspension para Inhalacion 200 Dosis/Frasco Unidad (Heilongjiang),C,0,1,002,0,0,0
Heilongjiang,17303032,Beclometasona 250 mcg/Dosis Suspension para Inhalacion 200 Dosis/Frasco Unidad (Heilongjiang),CATEGORIA,NOT FOUND,1,006,70.00,0,0,17303032,Beclometasona 250 mcg/Dosis Suspension para Inhalacion 200 Dosis/Frasco Unidad (Heilongjiang),A,0,1,002,7694,0,0
Heilongjiang,17303041,Bromuro de Ipratropio 20 mcg/Dosis Suspension para Inhalacion 200 Dosis/Frasco 1/Caja  (Heilongjiang),CATEGORIA,NOT FOUND,1,006,0.00,0,0,17303041,Bromuro de Ipratropio 20 mcg/Dosis Suspension para Inhalacion 200 Dosis/Frasco 1/Caja  (Heilongjiang),B,0,1,002,9635,0,0
Heilongjiang,17303042,Bromuro de Ipratropio 20 mcg/Dosis Suspension para Inhalacion 200 Dosis/Frasco Unidad (Heilongjiang),CATEGORIA,NOT FOUND,1,006,10770.00,0,0,17303042,Bromuro de Ipratropio 20 mcg/Dosis Suspension para Inhalacion 200 Dosis/Frasco Unidad (Heilongjiang),B,0,1,002,625,0,0
XIAN LIBANG,17402011,Propofol 10 mg/ml emulsion inyectable 20ml/amp unidad (Xian Libang),CATEGORIA,NOT FOUND,1,006,0.00,0,0,17402011,Propofol 10 mg/ml emulsion inyectable 20ml/amp unidad (Xian Libang),C,0,1,002,0,0,0
UNIMARK-India,18801051,DOLORRELAX (Acetaminofen 350mg + Carisoprodol 175mg) Tableta 30/Caja (UNIMARK-India),CATEGORIA,NOT FOUND,30,006,0.00,0,0,18801051,DOLORRELAX (Acetaminofen 350mg + Carisoprodol 175mg) Tableta 30/Caja (UNIMARK-India),Categoria,0,30,002,0,0,0
UNIMARK-India,18801052,DOLORRELAX (Acetaminofen 350mg + Carisoprodol 175mg) Tableta 100/Caja (UNIMARK-India),CATEGORIA,NOT FOUND,100,006,426.00,0,0,18801052,DOLORRELAX (Acetaminofen 350mg + Carisoprodol 175mg) Tableta 100/Caja (UNIMARK-India),A,0,100,002,3286,0,0
UNIMARK-India,18806021,Gabapentina 400mg Tableta Recubierta 100/Caja (UNIMARK-India),CATEGORIA,NOT FOUND,100,006,2380.50,5000,0,18806021,Gabapentina 400mg Tableta Recubierta 100/Caja (UNIMARK-India),A+,0,100,002,4610,5000,0
UNIMARK-India,18810012,Nifedipina 10 mg Tabletas Recubiertas de Liberacion Sostenida 30/Caja (UNIMARK-India),CATEGORIA,NOT FOUND,30,006,0.33,0,0,18810012,Nifedipina 10 mg Tabletas Recubiertas de Liberacion Sostenida 30/Caja (UNIMARK-India),C,0,30,002,2,0,0
UNIMARK-India,18810021,Clopidogrel 75 mg Tableta Recubierta 20/Caja (UNIMARK-India),CATEGORIA,NOT FOUND,20,006,0.00,0,0,18810021,Clopidogrel 75 mg Tableta Recubierta 20/Caja (UNIMARK-India),A+,0,20,002,3638,0,0
UNIMARK-India,18810022,Clopidogrel 75 mg Tableta Recubierta 100/Caja (UNIMARK-India),CATEGORIA,NOT FOUND,100,006,0.50,0,0,18810022,Clopidogrel 75 mg Tableta Recubierta 100/Caja (UNIMARK-India),A,0,100,002,101,0,0
UNIMARK-India,18810031,Nifedipina 20 mg Tabletas Recubiertas de Liberacion Sostenida 30/Caja (UNIMARK-India),CATEGORIA,NOT FOUND,30,006,0.00,120000,0,18810031,Nifedipina 20 mg Tabletas Recubiertas de Liberacion Sostenida 30/Caja (UNIMARK-India),Categoria,0,30,002,162,120000,0
UNIMARK-India,18813021,Hidroxido de aluminio+ Hidroxido de Magnesio 150mgx150mg/5ml Suspension oral 200ml/Frasco (UNIMARK-India),CATEGORIA,NOT FOUND,1,006,32151.00,0,0,18813021,Hidroxido de aluminio+ Hidroxido de Magnesio 150mgx150mg/5ml Suspension oral 200ml/Frasco (UNIMARK-India),C,0,1,002,27561,0,0
UNIMARK-India,18813022,Hidroxido de aluminio+ Hidroxido de Magnesio 150mgx150mg/5ml Suspension oral 180ml/Frasco (UNIMARK-India),CATEGORIA,NOT FOUND,1,006,0.00,0,0,18813022,Hidroxido de aluminio+ Hidroxido de Magnesio 150mgx150mg/5ml Suspension oral 180ml/Frasco (UNIMARK-India),Categoria,0,1,002,6935,0,0
UNIMARK-India,18815012,Simvastatina 40 mg Capletas Recubiertas 10/Caja (UNIMARK-India),CATEGORIA,NOT FOUND,10,006,0.00,0,13110,18815012,Simvastatina 40 mg Capletas Recubiertas 10/Caja (UNIMARK-India),A,0,10,002,0,0,13110
UNIMARK-India,18817011,Risperidona 1 mg Tabletas 30/Caja (UNIMARK-India),CATEGORIA,NOT FOUND,30,006,0.00,0,0,18817011,Risperidona 1 mg Tabletas 30/Caja (UNIMARK-India),C,0,30,002,2512,0,0
UNIMARK-India,18817021,Risperidona 2 mg Tabletas 30/Caja (UNIMARK-India),CATEGORIA,NOT FOUND,30,006,1.00,0,0,18817021,Risperidona 2 mg Tabletas 30/Caja (UNIMARK-India),A+,0,30,002,5739,0,0
UNIMARK-India,18824012,Levodopa 250 mg + Carbidopa 25 mg Tabletas Recubiertas 100/Caja (UNIMARK-India),CATEGORIA,NOT FOUND,100,006,0.00,10000,0,18824012,Levodopa 250 mg + Carbidopa 25 mg Tabletas Recubiertas 100/Caja (UNIMARK-India),B,1000,100,002,0,10000,0
Cisen Pharmaceutical ,19205021,Clindamicina 150 mg/ml Solucion Inyectable 6ml/Ampolla 10 Ampollas/Caja (Cisen Pharma),CATEGORIA,NOT FOUND,10,006,0.00,0,0,19205021,Clindamicina 150 mg/ml Solucion Inyectable 6ml/Ampolla 10 Ampollas/Caja (Cisen Pharma),Categoria,0,10,002,0,0,0
"Maanshan, China",19414011,oxitocina 5 ui/ml Solucion inyectable 100 ampollas/Caja (Maanshan),CATEGORIA,NOT FOUND,100,006,0.00,0,0,19414011,oxitocina 5 ui/ml Solucion inyectable 100 ampollas/Caja (Maanshan),Categoria,0,100,002,0,0,0
UNIMARK-India,18824031,Trihexifenidilo 5 mg Tabletas 100/Caja (UNIMARK-India),C,NOT FOUND,100,006,0.00,4500,12169,18824031,Trihexifenidilo 5 mg Tabletas 100/Caja (UNIMARK-India),C,0,100,002,0,4500,12169
Cisen Pharmaceutical ,19213011,Granisetron 3 mg/3 ml Solucion Inyectable 3ml/Ampolla 5 Ampollas/Caja (Cisen Pharma),B,NOT FOUND,5,006,0.00,1000,0,19213011,Granisetron 3 mg/3 ml Solucion Inyectable 3ml/Ampolla 5 Ampollas/Caja (Cisen Pharma),Categoria,0,5,002,1,1000,0
Naprod,10118131,Dacarbazina 200 Mg PPSi i.V FaM 1/Caja Refrigerado(Naprod),B,NOT FOUND,1,006,0.00,600,0,10118131,Dacarbazina 200 Mg PPSi i.V FaM 1/Caja Refrigerado(Naprod),C,0,1,002,0,600,0
JIANGSU PENGYAO,15012021,Glimepirida 4 mg Tabletas 30/Caja (J. Pengyao),C,NOT FOUND,30,006,432.00,0,0,15012021,Glimepirida 4 mg Tabletas 30/Caja (J. Pengyao),C,0,30,002,13784,0,0
VARDHMAN,13408012,albendazol 400 mg Tabletas Masticables 1000/Caja (Vardhman),C,NOT FOUND,1000,006,0.19,200,0,13408012,albendazol 400 mg Tabletas Masticables 1000/Caja (Vardhman),C,246,1000,002,2,200,0
UNIMARK-India,18817041,acetazolamida 250 mg Tabletas 30/Caja (UNIMARK-India),C,NOT FOUND,30,006,0.00,42,0,18817041,acetazolamida 250 mg Tabletas 30/Caja (UNIMARK-India),C,5000,30,002,0,42,0
Naprod,10118161,Docetaxel 20 Mg/0.5 ml Sol. iny 0.5 ml/Vial 1/Caja Refrigerado (Naprod),A+,NOT FOUND,1,006,484.00,500,0,10118161,Docetaxel 20 Mg/0.5 ml Sol. iny 0.5 ml/Vial 1/Caja Refrigerado (Naprod),C,0,1,002,0,500,0
Naprod,10118111,Cisplatino 1mg/ml Solucion iny i.V 50 ml/Vial 1/Caja (Naprod),B,NOT FOUND,1,006,0.00,3680,0,10118111,Cisplatino 1mg/ml Solucion iny i.V 50 ml/Vial 1/Caja (Naprod),C,0,1,002,0,3680,0
Naprod,10118191,Doxorubicina 50 Mg PPSi Vial 1/Caja (Naprod),C,NOT FOUND,1,006,0.00,2290,1140,10118191,Doxorubicina 50 Mg PPSi Vial 1/Caja (Naprod),C,0,1,002,0,2290,1140
Intermed,10510022,Metildopa 500 mg Tableta Recubierta 100/Caja (intermed),B,NOT FOUND,100,006,141.00,805,33808,10510022,Metildopa 500 mg Tableta Recubierta 100/Caja (intermed),A+,965,100,002,5787,805,33808
JIANGSU PENGYAO,15022011,Furosemida 20 mg/2 ml Solucion inyectable 100 ampollas/Caja (J. Pengyao),C,NOT FOUND,100,006,0.00,3000,0,15022011,Furosemida 20 mg/2 ml Solucion inyectable 100 ampollas/Caja (J. Pengyao),C,0,100,002,0,3000,0
REYOUNG,13705072,Cefazolina 1g Polvo para Sol. iny. Vial 50/Caja (Reyoung),B,NOT FOUND,50,006,0.00,740,2582,13705072,Cefazolina 1g Polvo para Sol. iny. Vial 50/Caja (Reyoung),Categoria,0,50,002,0,740,2582
REYOUNG,13705183,Vancomicina 500 mg Polvo para Solucion Inyectable Vial 50/Caja (Reyoung),A+,NOT FOUND,50,006,0.00,0,935,13705183,Vancomicina 500 mg Polvo para Solucion Inyectable Vial 50/Caja (Reyoung),Categoria,0,50,002,0,0,935
UNIMARK-India,18813011,ondansetron 8 mg Tabletas Recubiertas 10/Caja (UNIMARK-India),A+,NOT FOUND,10,006,0.00,5000,0,18813011,ondansetron 8 mg Tabletas Recubiertas 10/Caja (UNIMARK-India),Categoria,0,10,002,0,5000,0
CSPC Pharmaceuticals,10805011,ertapenem 1 g Polvo para Sol. iny. Vial 1/Caja (CSPC Pharma),B,NOT FOUND,1,006,0.00,1000,0,10805011,ertapenem 1 g Polvo para Sol. iny. Vial 1/Caja (CSPC Pharma),Categoria,0,1,002,0,1000,0
JIANGSU PENGYAO,15010101,Espironolactona 25 mg Tabletas Recubiertas 30/Caja (J. Pengyao),B,NOT FOUND,30,006,1387.00,0,0,15010101,Espironolactona 25 mg Tabletas Recubiertas 30/Caja (J. Pengyao),Categoria,0,30,002,6238,0,0
Naprod,10118481,Vincristina 1 mg/1ml PPSi Vial 1/Caja Refrigerado (Naprod),C,NOT FOUND,1,006,1200.00,2312,0,10118481,Vincristina 1 mg/1ml PPSi Vial 1/Caja Refrigerado (Naprod),C,0,1,002,871,2312,0
Cisen Pharmaceutical ,19205022,Clindamicina 150 mg/ml Solucion Inyectable 6ml/Ampolla 5 Ampollas/Caja (Cisen Pharma),B,NOT FOUND,5,006,1530.00,1135,2260,19205022,Clindamicina 150 mg/ml Solucion Inyectable 6ml/Ampolla 5 Ampollas/Caja (Cisen Pharma),B,0,5,002,6814,1135,2260
UNIMARK-India,18806041,Paroxetina 20 mg Tabletas Recubiertas 30/Caja (UNIMARK-India),B,NOT FOUND,30,006,727.66,0,0,18806041,Paroxetina 20 mg Tabletas Recubiertas 30/Caja (UNIMARK-India),C,0,30,002,1021,0,0
NANJING,13614012,Levonorgestrel 0.15 mg/etinilestradiol 0.03 mg Tab 21/Ciclo 1/Caja (Nanjing),B,NOT FOUND,21,006,0.00,3754,12000,13614012,Levonorgestrel 0.15 mg/etinilestradiol 0.03 mg Tab 21/Ciclo 1/Caja (Nanjing),A+,30000,21,002,0,3754,12000
"Maanshan, China",19414012,oxitocina 5 ui/ml Solucion inyectable 10 ampollas/Caja (Maanshan),A,NOT FOUND,10,006,1099.80,0,76500,19414012,oxitocina 5 ui/ml Solucion inyectable 10 ampollas/Caja (Maanshan),C,0,10,002,9136,0,76500
XIAN LIBANG,17402012,Propofol 10 mg/ml emulsion inyectable amp 5/Caja (Xian Libang),A+,NOT FOUND,5,006,0.00,0,30000,17402012,Propofol 10 mg/ml emulsion inyectable amp 5/Caja (Xian Libang),Categoria,0,5,002,0,0,30000
REYOUNG,13705103,Ceftriaxona 1Gr Polvo para Sol. iny. i.M/i.V Vial 50/Caja (Reyoung),A,NOT FOUND,50,006,0.00,15366,0,13705103,Ceftriaxona 1Gr Polvo para Sol. iny. i.M/i.V Vial 50/Caja (Reyoung),B,0,50,002,0,15366,0
Heilongjiang,17303011,Salbutamol 100 mcg/dosis Suspension para inhalacion Frasco 1/Caja  (Heilongjiang),C,NOT FOUND,1,006,2275.00,0,870,17303011,Salbutamol 100 mcg/dosis Suspension para inhalacion Frasco 1/Caja  (Heilongjiang),B,0,1,002,7062,0,870
UNIMARK-India,18810011,Nifedipina 10 mg Tabletas Recubiertas de Liberacion Sostenida 100/Caja (UNIMARK-India),A,NOT FOUND,100,006,0.90,10000,0,18810011,Nifedipina 10 mg Tabletas Recubiertas de Liberacion Sostenida 100/Caja (UNIMARK-India),A,0,100,002,1852,10000,0
JIANGSU PENGYAO,15001033,Dipirona Sodica 1g/2ml Solucion inyectable 100 ampollas/Caja (J. Pengyao),A,NOT FOUND,100,006,1.81,9000,0,15001033,Dipirona Sodica 1g/2ml Solucion inyectable 100 ampollas/Caja (J. Pengyao),A,0,100,002,2,9000,0
Naprod,10118062,Capecitabina 500 mg Tabletas Recubiertas 10/Caja (Naprod),A+,NOT FOUND,10,006,1719.00,10000,0,10118062,Capecitabina 500 mg Tabletas Recubiertas 10/Caja (Naprod),B,2000,10,002,0,10000,0
VARDHMAN,13410023,atenolol 100 mg Tabletas 100/Caja (VaRDHMaN),C,NOT FOUND,100,006,3794.00,10000,0,13410023,atenolol 100 mg Tabletas 100/Caja (VaRDHMaN),C,6842,100,002,3408,10000,0
JIANGSU PENGYAO,15010081,Amlodipina 10 mg Tabletas Recubiertas 100/Caja (J. Pengyao),CATEGORIA,NOT FOUND,100,006,0.70,0,0,15010081,Amlodipina 10 mg Tabletas Recubiertas 100/Caja (J. Pengyao),Categoria,0,100,002,1,0,0
REYOUNG,13705061,amoxicilina 875 mg + acido Clavulanico 125 mg Tabletas Recubiertas 14/Caja (Reyoung),A+,NOT FOUND,14,006,5188.00,40000,0,13705061,amoxicilina 875 mg + acido Clavulanico 125 mg Tabletas Recubiertas 14/Caja (Reyoung),A+,10000,14,002,30400,40000,0
Gland Pharma,10415012,enoxaparina 40 mg /0.4 ml Sol. iny Jeringa 1/Caja (Gland pharma),A+,NOT FOUND,1,006,6863.00,25000,0,10415012,enoxaparina 40 mg /0.4 ml Sol. iny Jeringa 1/Caja (Gland pharma),A+,2358,1,002,1796,25000,0
VARDHMAN,13401062,Tramadol 50 mg Capsula 100/Caja (VaRDHMaN),B,NOT FOUND,100,006,0.00,25000,0,13401062,Tramadol 50 mg Capsula 100/Caja (VaRDHMaN),A+,4517,100,002,15,25000,0
VARDHMAN,13423012,Calcio 600 mg Tabletas 100/Caja (Vardhman),CATEGORIA,NOT FOUND,100,006,8.20,10000,0,13423012,Calcio 600 mg Tabletas 100/Caja (Vardhman),B,7524,100,002,1251,10000,0
Intermed,10506042,Gabapentina 600 mg Tableta Recubierta 20/Caja (intermed),A+,NOT FOUND,20,006,5305.50,10000,0,10506042,Gabapentina 600 mg Tableta Recubierta 20/Caja (intermed),A+,2787,20,002,4245,10000,0
VARDHMAN,13423021,Calcio 600 mg + Colecalciferol 200 ui Tabletas 100/Caja (Vardhman),CATEGORIA,NOT FOUND,100,006,13479.80,0,0,13423021,Calcio 600 mg + Colecalciferol 200 ui Tabletas 100/Caja (Vardhman),C,6543,100,002,9901,0,0
UNIMARK-India,18805061,Amoxicilina + Acido Clavulanico 250 mg x 62.5 mg/5ml PPSO 60 ml/Frasco 1/Caja (UNIMARK-India),A+,NOT FOUND,1,006,0.00,67700,7000,18805061,Amoxicilina + Acido Clavulanico 250 mg x 62.5 mg/5ml PPSO 60 ml/Frasco 1/Caja (UNIMARK-India),A+,0,1,002,8168,67700,7000